"cpg","coef","p_value"
"cpg31",-2.36115430096287,0.00741253628648379
"cpg32",-0.591343798443145,0.532537394084663
"cpg33",-0.659051067910449,0.49336010879531
"cpg34",0.118489522479002,0.900490156405362
"cpg35",-0.150539665548617,0.851435203863523
"cpg36",2.16682816643211,0.0332202005951501
"cpg37",-0.197591128730707,0.831142188028984
"cpg38",-1.05438939863123,0.215072892952869
"cpg39",0.180458651558644,0.849146974350539
"cpg40",0.715244682008333,0.471803192945355
