"cpg","coef","p_value"
"cpg11",0.66554662395745,0.500640997071063
"cpg12",-0.498508653490341,0.567870834241958
"cpg13",0.388608512232932,0.658155188319693
"cpg14",-1.03922120621913,0.303129882568622
"cpg15",0.857356019293555,0.367890235014152
"cpg16",-0.823026843673585,0.366262126893176
"cpg17",-0.615742103097646,0.521756615530934
"cpg18",1.31100451854467,0.134634898906285
"cpg19",-2.5078485677099,0.00843415945782407
"cpg20",0.0640087186751417,0.946336079610411
