"cpg","coef","p_value"
"cpg41",-0.401821006198201,0.665874305832635
"cpg42",0.200283600463623,0.808693254142638
"cpg43",1.64364665146637,0.0858630279769246
"cpg44",-0.611883899744867,0.505780027916938
"cpg45",1.47917244430914,0.096000325881031
"cpg46",0.470005310050175,0.649414017699574
"cpg47",-0.448874349021946,0.634020461164713
"cpg48",-1.02937182160037,0.257150875346565
"cpg49",0.291017608541802,0.748154811745782
"cpg50",-1.22679194296791,0.214712511170304
