"cpg","coef","p_value"
"cpg21",0.594246586620605,0.522855721623959
"cpg22",0.150080956994146,0.864786732695563
"cpg23",-1.14491924851494,0.198876629135469
"cpg24",-0.396205926444569,0.709176455575417
"cpg25",-1.61677461710058,0.0981889720830116
"cpg26",-1.03517534083225,0.253863918199644
"cpg27",1.56385776654672,0.106267080633383
"cpg28",-0.217489658552767,0.831902410141933
"cpg29",1.14182950869269,0.275788910052953
"cpg30",0.478699472449014,0.649920434719065
