"cpg","coef","p_value"
"cpg1",1.10486510756769,0.209918620760176
"cpg2",-0.175899654276913,0.865064030519104
"cpg3",0.247454139633042,0.789192814165025
"cpg4",0.749543773037625,0.415839015234599
"cpg5",-0.888279114272344,0.372913687468619
"cpg6",-0.424890353201722,0.685126976541325
"cpg7",-0.374610607193637,0.707304422468419
"cpg8",-1.6227385562378,0.0952232903334088
"cpg9",0.123463331576043,0.904179704332572
"cpg10",-1.50449329965384,0.10421664264052
